model,accuracy,f1
NaiveBayes,0.9455782312925171,0.72
RandomForest,0.9650145772594753,0.8363636363636363
